Geschlecht,Alter,Anteil
männlich,18-24,0.0464659
männlich,25-34,0.03893335
männlich,35-44,0.0737165
männlich,45-54,0.08767795
männlich,55-64,0.10294765
männlich,65-74,0.0910317
männlich,75+,0.0599224
weiblich,18-24,0.03899801
weiblich,25-34,0.0377494
weiblich,35-44,0.08355121
weiblich,45-54,0.11679123
weiblich,55-64,0.09496488
weiblich,65-74,0.08025756
weiblich,75+,0.04699228
